metric,current,reference
Trailing P/E,26.960527,30.0
P/FCF,44.61848215452933,
Market Cap (USD),3195174125568.0,
FCF used (USD),71611000000.0,
