component,raw_proxy,normalized_0_1,weight_used
investment_intensity,0.22912850875324786,0.7468875312615996,0.6
regulatory,3195174125568.0,0.5989275834595555,0.4
overall,,0.6877035521407819,1.0
