year,ebit_margin,net_margin,fcf_margin,debt_to_equity,roe,asset_turnover,revenue_cagr,fcf_cagr
2025,0.44728883588192697,0.3614601524896707,0.2541884965427156,0.17639506345366093,0.2964722734140952,0.4551254194244616,0.12423114652863054,0.03202605420584792
